{
  "conversations": [
    {
      "conversation": {
        "conversation_id": {
          "id": "UgyVUdA2S-x1F7dfjTB4AaABAQ"
        },
        "conversation": {
          "id": {
            "id": "UgyVUdA2S-x1F7dfjTB4AaABAQ"
          },
          "type": "GROUP",
          "self_conversation_state": {
            "self_read_state": {
              "participant_id": {
                "gaia_id": "107024560347231727736",
                "chat_id": "107024560347231727736"
              },
              "latest_read_timestamp": "1615020067629914"
            },
            "status": "ACTIVE",
            "notification_level": "RING",
            "view": [
              "INBOX_VIEW"
            ],
            "inviter_id": {
              "gaia_id": "107024560347231727736",
              "chat_id": "107024560347231727736"
            },
            "invite_timestamp": "1615018822012000",
            "sort_timestamp": "1615018822012000",
            "active_timestamp": "1615018822012000",
            "delivery_medium_option": [
              {
                "delivery_medium": {
                  "medium_type": "BABEL_MEDIUM"
                },
                "current_default": true
              }
            ],
            "is_guest": false
          },
          "read_state": [
            {
              "participant_id": {
                "gaia_id": "107024560347231727736",
                "chat_id": "107024560347231727736"
              },
              "latest_read_timestamp": "1615020067629914"
            }
          ],
          "has_active_hangout": false,
          "otr_status": "ON_THE_RECORD",
          "otr_toggle": "ENABLED",
          "current_participant": [
            {
              "gaia_id": "107024560347231727736",
              "chat_id": "107024560347231727736"
            }
          ],
          "participant_data": [
            {
              "id": {
                "gaia_id": "107024560347231727736",
                "chat_id": "107024560347231727736"
              },
              "fallback_name": "Chad Kennedy",
              "invitation_status": "ACCEPTED_INVITATION",
              "participant_type": "GAIA",
              "new_invitation_status": "ACCEPTED_INVITATION",
              "in_different_customer_as_requester": false,
              "domain_id": "105250506097979753968"
            }
          ],
          "fork_on_external_invite": false,
          "network_type": [
            "BABEL"
          ],
          "force_history_state": "NO_FORCE",
          "group_link_sharing_status": "LINK_SHARING_OFF"
        }
      },
      "events": []
    }
  ]
}