{
    "Browser History": [
        {
            "page_transition": "LINK",
            "title": "Control your app permissions on Android 6.0 \u0026 up - Google Play Help",
            "url": "https://support.google.com/googleplay/answer/6270602",
            "client_id": "EOvbF9u32XttpHZS9GG/hA\u003d\u003d",
            "time_usec": 1615109327736487
},
        {
            "page_transition": "RELOAD",
            "title": "Google Account",
            "url": "https://myaccount.google.com/?utm_source\u003dOGB\u0026tab\u003dkk\u0026utm_medium\u003dact",
            "client_id": "EOvbF9u32XttpHZS9GG/hA\u003d\u003d",
            "time_usec": 1615105011762694
},
        {
            "page_transition": "RELOAD",
            "title": "Google Account",
            "url": "https://myaccount.google.com/people-and-sharing",
            "client_id": "EOvbF9u32XttpHZS9GG/hA\u003d\u003d",
            "time_usec": 1615104999795742
},
        {
            "page_transition": "RELOAD",
            "title": "Gmail",
            "url": "https://mail.google.com/mail/mu/mp/612/#tl/priority/%5Esmartlabel_personal",
            "client_id": "EOvbF9u32XttpHZS9GG/hA\u003d\u003d",
            "time_usec": 1615104939493772
},
        {
            "page_transition": "LINK",
            "title": "Background Check - People Public Records Search",
            "url": "https://golookup.com/lander/people/default/?affid\u003d1\u0026subid\u003dLogin%20Facebook%20Facebook\u0026trafid\u003d23\u0026gclid\u003dCj0KCQiA4L2BBhCvARIsAO0SBdYfZrqvp8qck2A1858pqHP9CP2hayi7NdDsynLu14gpEJURBKODTOcaAuo-EALw_wcB",
            "client_id": "pExme6XiDEgx1g1559yVHg\u003d\u003d",
            "time_usec": 1613779296655750
},
        {
            "page_transition": "GENERATED",
            "title": "Heyhttps://m.facebook.com/profile.php?id\u003d100034543128963 - Google Search",
            "url": "https://www.google.com/search?q\u003dHeyhttps%3A%2F%2Fm.facebook.com%2Fprofile.php%3Fid%3D100034543128963\u0026oq\u003dHeyhttps%3A%2F%2Fm.facebook.com%2Fprofile.php%3Fid%3D100034543128963\u0026aqs\u003dchrome..69i57j69i58.6401j0j4\u0026client\u003dms-android-mpcs-us-revc\u0026sourceid\u003dchrome-mobile\u0026ie\u003dUTF-8",
            "client_id": "pExme6XiDEgx1g1559yVHg\u003d\u003d",
            "time_usec": 1613779281119190
},
        {
            "page_transition": "LINK",
            "title": "Dir Kambat\u0027s Question",
            "url": "https://m.facebook.com/help/community/question/?id\u003d146489603108684\u0026search_session_id\u003dcbf946085e7b3f40135653a270c897d5",
            "client_id": "pExme6XiDEgx1g1559yVHg\u003d\u003d",
            "time_usec": 1613779275245084
},
        {
            "page_transition": "GENERATED",
            "title": "Heyhttps://m.facebook.com/profile.php?id\u003d100034543128963 - Google Search",
            "url": "https://www.google.com/search?q\u003dHeyhttps%3A%2F%2Fm.facebook.com%2Fprofile.php%3Fid%3D100034543128963\u0026oq\u003dHeyhttps%3A%2F%2Fm.facebook.com%2Fprofile.php%3Fid%3D100034543128963\u0026aqs\u003dchrome..69i57j69i58.6401j0j4\u0026client\u003dms-android-mpcs-us-revc\u0026sourceid\u003dchrome-mobile\u0026ie\u003dUTF-8",
            "client_id": "pExme6XiDEgx1g1559yVHg\u003d\u003d",
            "time_usec": 1613779262237357
},
        {
            "page_transition": "LINK",
            "title": "Rahul\u0027s Question",
            "url": "https://m.facebook.com/help/community/question/?id\u003d2002734199957346\u0026answer_id\u003d2002967069934059",
            "client_id": "pExme6XiDEgx1g1559yVHg\u003d\u003d",
            "time_usec": 1613779233910374
},
        {
            "page_transition": "GENERATED",
            "title": "Heyhttps://m.facebook.com/profile.php?id\u003d100034543128963 - Google Search",
            "url": "https://www.google.com/search?q\u003dHeyhttps%3A%2F%2Fm.facebook.com%2Fprofile.php%3Fid%3D100034543128963\u0026oq\u003dHeyhttps%3A%2F%2Fm.facebook.com%2Fprofile.php%3Fid%3D100034543128963\u0026aqs\u003dchrome..69i57j69i58.6401j0j4\u0026client\u003dms-android-mpcs-us-revc\u0026sourceid\u003dchrome-mobile\u0026ie\u003dUTF-8",
            "client_id": "pExme6XiDEgx1g1559yVHg\u003d\u003d",
            "time_usec": 1613779199663995
},
        {
            "page_transition": "LINK",
            "title": "Background Check - People Public Records Search",
            "url": "https://golookup.com/lander/people/default/?affid\u003d1\u0026subid\u003dLogin%20Facebook%20Facebook\u0026trafid\u003d23\u0026gclid\u003dCj0KCQiA4L2BBhCvARIsAO0SBdYfZrqvp8qck2A1858pqHP9CP2hayi7NdDsynLu14gpEJURBKODTOcaAuo-EALw_wcB",
            "client_id": "pExme6XiDEgx1g1559yVHg\u003d\u003d",
            "time_usec": 1613779197871385
},
        {
            "page_transition": "RELOAD",
            "title": "Sign in - Google Accounts",
            "url": "https://accounts.google.com/signin/v2/recoveryidentifier?fpOnly\u003d1\u0026Email\u003dkchade5179%40gmail.com\u0026flowName\u003dGlifWebSignIn\u0026flowEntry\u003dServiceLogin",
            "client_id": "pExme6XiDEgx1g1559yVHg\u003d\u003d",
            "time_usec": 1613779183546541
},
        {
            "page_transition": "LINK",
            "title": "DrRaj\u0027s Question",
            "url": "https://m.facebook.com/help/community/question/?id\u003d1548815068462859",
            "client_id": "pExme6XiDEgx1g1559yVHg\u003d\u003d",
            "time_usec": 1613776899979989
},
        {
            "page_transition": "LINK",
            "title": "Background Check - People Public Records Search",
            "url": "https://golookup.com/lander/people/default/?affid\u003d1\u0026subid\u003dLogin%20Facebook%20Facebook\u0026trafid\u003d23\u0026gclid\u003dCj0KCQiA4L2BBhCvARIsAO0SBdYfZrqvp8qck2A1858pqHP9CP2hayi7NdDsynLu14gpEJURBKODTOcaAuo-EALw_wcB",
            "client_id": "pExme6XiDEgx1g1559yVHg\u003d\u003d",
            "time_usec": 1613774051967425
},
        {
            "page_transition": "GENERATED",
            "title": "Heyhttps://m.facebook.com/profile.php?id\u003d100034543128963 - Google Search",
            "url": "https://www.google.com/search?q\u003dHeyhttps%3A%2F%2Fm.facebook.com%2Fprofile.php%3Fid%3D100034543128963\u0026oq\u003dHeyhttps%3A%2F%2Fm.facebook.com%2Fprofile.php%3Fid%3D100034543128963\u0026aqs\u003dchrome..69i57j69i58.6401j0j4\u0026client\u003dms-android-mpcs-us-revc\u0026sourceid\u003dchrome-mobile\u0026ie\u003dUTF-8",
            "client_id": "pExme6XiDEgx1g1559yVHg\u003d\u003d",
            "time_usec": 1613773809026174
},
        {
            "page_transition": "RELOAD",
            "title": "Sign in - Google Accounts",
            "url": "https://accounts.google.com/signin/v2/recoveryidentifier?fpOnly\u003d1\u0026Email\u003dkchade5179%40gmail.com\u0026flowName\u003dGlifWebSignIn\u0026flowEntry\u003dServiceLogin",
            "client_id": "pExme6XiDEgx1g1559yVHg\u003d\u003d",
            "time_usec": 1613773585270270
},
        {
            "page_transition": "LINK",
            "title": "How to Tell if Your Phone Has Been Hacked - Techlicious",
            "url": "https://www.techlicious.com/tip/how-to-tell-if-your-phone-has-been-hacked/comments-/CP2/",
            "client_id": "pExme6XiDEgx1g1559yVHg\u003d\u003d",
            "time_usec": 1613763319521843
},
        {
            "page_transition": "LINK",
            "title": "How to Tell if Your Phone Has Been Hacked - Techlicious",
            "url": "https://www.techlicious.com/tip/how-to-tell-if-your-phone-has-been-hacked/comments-/CP2/",
            "client_id": "pExme6XiDEgx1g1559yVHg\u003d\u003d",
            "time_usec": 1613763319505988
},
        {
            "page_transition": "LINK",
            "title": "How to Tell if Your Phone Has Been Hacked - Techlicious",
            "url": "https://www.techlicious.com/tip/how-to-tell-if-your-phone-has-been-hacked/comments-/CP2/",
            "client_id": "pExme6XiDEgx1g1559yVHg\u003d\u003d",
            "time_usec": 1613763319465094
},
        {
            "page_transition": "LINK",
            "title": "How to Tell if Your Phone Has Been Hacked - Techlicious",
            "url": "https://www.techlicious.com/tip/how-to-tell-if-your-phone-has-been-hacked/comments-/CP2/",
            "client_id": "pExme6XiDEgx1g1559yVHg\u003d\u003d",
            "time_usec": 1613763289455753
},
        {
            "page_transition": "LINK",
            "title": "Online Suboxone Treatment in Ohio | Opioid Addiction Help",
            "url": "https://www.workithealth.com/locations/ohio/opioids/",
            "client_id": "pExme6XiDEgx1g1559yVHg\u003d\u003d",
            "time_usec": 1613747575181411
},
        {
            "page_transition": "LINK",
            "title": "Get Suboxone Online for Opioid Use Disorder (Tele-MAT) | QuickMD",
            "url": "https://quick.md/suboxone/",
            "client_id": "pExme6XiDEgx1g1559yVHg\u003d\u003d",
            "time_usec": 1613747362951295
},
        {
            "page_transition": "LINK",
            "title": "When will you get your tax refund? Possible dates and how to track it - CNET",
            "url": "https://www-cnet-com.cdn.ampproject.org/v/s/www.cnet.com/google-amp/news/when-will-you-get-your-tax-refund-possible-dates-and-how-to-track-it/?amp_js_v\u003da6\u0026amp_gsa\u003d1\u0026usqp\u003dmq331AQFKAGwASA%3D",
            "client_id": "pExme6XiDEgx1g1559yVHg\u003d\u003d",
            "time_usec": 1613741813118403
},
        {
            "page_transition": "LINK",
            "title": "When will you get your tax refund? Possible dates and how to track it - CNET",
            "url": "https://www-cnet-com.cdn.ampproject.org/v/s/www.cnet.com/google-amp/news/when-will-you-get-your-tax-refund-possible-dates-and-how-to-track-it/?amp_js_v\u003da6\u0026amp_gsa\u003d1\u0026usqp\u003dmq331AQFKAGwASA%3D#aoh\u003d16137399928819\u0026csi\u003d0\u0026referrer\u003dhttps%3A%2F%2Fwww.google.com\u0026amp_tf\u003dFrom%20%251%24s\u0026ampshare\u003dhttps%3A%2F%2Fwww.cnet.com%2Fpersonal-finance%2Fwhen-will-you-get-your-tax-refund-possible-dates-and-how-to-track-it%2F",
            "client_id": "pExme6XiDEgx1g1559yVHg\u003d\u003d",
            "time_usec": 1613741804270219
},
        {
            "page_transition": "LINK",
            "title": "Suboxone (Buprenorphine) Online via Telemedicine \u2013 TeleMAT | QuickMD",
            "url": "https://quick.md/blog/opioid-addiction/suboxone-buprenorphine-online-via-telemedicine-telemat/",
            "client_id": "pExme6XiDEgx1g1559yVHg\u003d\u003d",
            "time_usec": 1613740161198715
},
        {
            "page_transition": "LINK",
            "title": "Sign in - Google Accounts",
            "url": "https://accounts.google.com/signin/v2/recoveryidentifier?fpOnly\u003d1\u0026Email\u003dkchade5179%40gmail.com\u0026flowName\u003dGlifWebSignIn\u0026flowEntry\u003dServiceLogin",
            "client_id": "pExme6XiDEgx1g1559yVHg\u003d\u003d",
            "time_usec": 1613716347238933
},
        {
            "page_transition": "LINK",
            "title": "Sign in - Google Accounts",
            "url": "https://accounts.google.com/signin/v2/challenge/pwd?fpOnly\u003d1\u0026Email\u003dkchade5179%40gmail.com\u0026flowName\u003dGlifWebSignIn\u0026flowEntry\u003dServiceLogin\u0026cid\u003d1\u0026navigationDirection\u003dforward\u0026TL\u003dAM3QAYa2TNprDgo5LVF2m7WbTGPqIXTYX023Hq_GmKUAdD1iotZuvHQ8mWpStgFz",
            "client_id": "pExme6XiDEgx1g1559yVHg\u003d\u003d",
            "time_usec": 1613712986191720
},
        {
            "page_transition": "LINK",
            "title": "Sign in - Google Accounts",
            "url": "https://accounts.google.com/signin/v2/recoveryidentifier?fpOnly\u003d1\u0026Email\u003dkchade5179%40gmail.com\u0026flowName\u003dGlifWebSignIn\u0026flowEntry\u003dServiceLogin",
            "client_id": "pExme6XiDEgx1g1559yVHg\u003d\u003d",
            "time_usec": 1613712974380146
},
        {
            "page_transition": "LINK",
            "title": "Google - My Activity",
            "url": "https://myactivity.google.com/item?utm_source\u003dagsa\u0026utm_campaign\u003dhamburger\u0026restrict\u003dsearch",
            "client_id": "pExme6XiDEgx1g1559yVHg\u003d\u003d",
            "time_usec": 1613712021295892
},
        {
            "page_transition": "LINK",
            "title": "Google - My Activity",
            "url": "https://myactivity.google.com/embedded/item?utm_source\u003dopa\u0026utm_medium\u003der\u0026utm_campaign\u0026restrict\u003dassist\u0026otzr\u003d1",
            "client_id": "pExme6XiDEgx1g1559yVHg\u003d\u003d",
            "time_usec": 1613711894203344
},
        {
            "page_transition": "LINK",
            "title": "Google - My Activity",
            "url": "https://myactivity.google.com/embedded/item?utm_source\u003dopa\u0026utm_medium\u003der\u0026utm_campaign\u0026restrict\u003dassist",
            "client_id": "pExme6XiDEgx1g1559yVHg\u003d\u003d",
            "time_usec": 1613711892448065
}
    ]
}