{
    "Apps": [],
    "App Settings": [],
    "Preferences": [
        {
            "name": "sharing.vapid_key",
            "value": "{\"vapid_creation_timestamp\":\"13258174465660587\",\"vapid_private_key\":\"MIGHAgEAMBMGByqGSM49AgEGCCqGSM49AwEHBG0wawIBAQQgT762EMZgGWqz4mcExXiLWkaH8TJKeLEfHf5/7q88qQyhRANCAASdHilVouhJUvo5OJuRYwGEiIESLosVcZmmp3jVgYIR5UlDbCY4BG2ReVV0nPKrzDW78wWvduvaRs0QGaAuWEVH\"}"
},
        {
            "name": "translate_site_blacklist_with_time",
            "value": "{}"
},
        {
            "name": "intl.accept_languages",
            "value": "\"en-US,en\""
},
        {
            "name": "download.prompt_for_download_android",
            "value": "2"
},
        {
            "name": "payments.can_make_payment_enabled",
            "value": "true"
},
        {
            "name": "profile.cookie_controls_mode",
            "value": "2"
},
        {
            "name": "search.contextual_search_enabled",
            "value": "\"false\""
},
        {
            "name": "dom_distiller.reader_for_accessibility",
            "value": "true"
},
        {
            "name": "profile.block_third_party_cookies",
            "value": "false"
}
    ],
    "Themes": []
}