{
  "timelineObjects" : [ {
    "placeVisit" : {
      "location" : {
        "latitudeE7" : 408050510,
        "longitudeE7" : -829667280,
        "placeId" : "ChIJ70tLVD90OYgRD7VKj4im550",
        "address" : "642 Woodlawn Ave\nBucyrus, OH 44820\nUSA",
        "name" : "Wrens Nest",
        "sourceInfo" : {
          "deviceTag" : -105799131
        },
        "locationConfidence" : 61.958076
      },
      "duration" : {
        "startTimestampMs" : "1615014817000",
        "endTimestampMs" : "1615016672000"
      },
      "placeConfidence" : "MEDIUM_CONFIDENCE",
      "centerLatE7" : 408050175,
      "centerLngE7" : -829663800,
      "visitConfidence" : 79,
      "otherCandidateLocations" : [ {
        "latitudeE7" : 408051714,
        "longitudeE7" : -829657693,
        "placeId" : "ChIJbT_6qDh0OYgRuSOuK3Sosts",
        "locationConfidence" : 10.871354
      }, {
        "latitudeE7" : 408048766,
        "longitudeE7" : -829654891,
        "placeId" : "ChIJ2VVDWEd0OYgRqgiecYruwXw",
        "locationConfidence" : 4.644098
      }, {
        "latitudeE7" : 408052386,
        "longitudeE7" : -829667732,
        "placeId" : "ChIJy2b8Vj90OYgRdYx-CcVWur4",
        "locationConfidence" : 4.327151
      }, {
        "latitudeE7" : 408053700,
        "longitudeE7" : -829657280,
        "placeId" : "ChIJJ1o8rzh0OYgRbV34BjvGL_U",
        "locationConfidence" : 3.3139904
      }, {
        "latitudeE7" : 408041162,
        "longitudeE7" : -829682900,
        "placeId" : "ChIJUedJkkB0OYgRC4gTAAlRdkY",
        "locationConfidence" : 0.8608762
      } ],
      "editConfirmationStatus" : "NOT_CONFIRMED"
    }
  }, {
    "placeVisit" : {
      "location" : {
        "latitudeE7" : 408050510,
        "longitudeE7" : -829667280,
        "placeId" : "ChIJ70tLVD90OYgRD7VKj4im550",
        "address" : "642 Woodlawn Ave\nBucyrus, OH 44820\nUSA",
        "name" : "Wrens Nest",
        "sourceInfo" : {
          "deviceTag" : -1763862381
        },
        "locationConfidence" : 53.676445
      },
      "duration" : {
        "startTimestampMs" : "1615111868145",
        "endTimestampMs" : "1615134094774"
      },
      "placeConfidence" : "MEDIUM_CONFIDENCE",
      "centerLatE7" : 408048430,
      "centerLngE7" : -829670266,
      "visitConfidence" : 77,
      "otherCandidateLocations" : [ {
        "latitudeE7" : 408052386,
        "longitudeE7" : -829667732,
        "placeId" : "ChIJy2b8Vj90OYgRdYx-CcVWur4",
        "locationConfidence" : 10.357792
      }, {
        "latitudeE7" : 408044510,
        "longitudeE7" : -829676420,
        "placeId" : "ChIJdUn8l0B0OYgRKr8-J04ZaDU",
        "locationConfidence" : 7.733695
      }, {
        "latitudeE7" : 408050790,
        "longitudeE7" : -829679350,
        "placeId" : "ChIJ_woPnkB0OYgRT-eH-5oehtc",
        "locationConfidence" : 1.8068357
      }, {
        "latitudeE7" : 408041162,
        "longitudeE7" : -829682900,
        "placeId" : "ChIJUedJkkB0OYgRC4gTAAlRdkY",
        "locationConfidence" : 1.4503349
      }, {
        "latitudeE7" : 408051714,
        "longitudeE7" : -829657693,
        "placeId" : "ChIJbT_6qDh0OYgRuSOuK3Sosts",
        "locationConfidence" : 1.3114427
      }, {
        "latitudeE7" : 410347390,
        "longitudeE7" : -830571913,
        "placeId" : "ChIJF6aeyLdvOYgRkYLmkI_i2UA",
        "locationConfidence" : 0.6181443
      } ],
      "editConfirmationStatus" : "NOT_CONFIRMED"
    }
  } ]
}