{
  "locations" : [ {
    "timestampMs" : "1615014817000",
    "latitudeE7" : 408050544,
    "longitudeE7" : -829662997,
    "accuracy" : 17,
    "velocity" : 0,
    "altitude" : 296,
    "verticalAccuracy" : 24,
    "activity" : [ {
      "timestampMs" : "1615014815983",
      "activity" : [ {
        "type" : "UNKNOWN",
        "confidence" : 40
      }, {
        "type" : "IN_VEHICLE",
        "confidence" : 10
      }, {
        "type" : "ON_BICYCLE",
        "confidence" : 10
      }, {
        "type" : "ON_FOOT",
        "confidence" : 10
      }, {
        "type" : "WALKING",
        "confidence" : 10
      }, {
        "type" : "RUNNING",
        "confidence" : 10
      }, {
        "type" : "STILL",
        "confidence" : 10
      }, {
        "type" : "IN_ROAD_VEHICLE",
        "confidence" : 10
      }, {
        "type" : "IN_RAIL_VEHICLE",
        "confidence" : 10
      }, {
        "type" : "IN_FOUR_WHEELER_VEHICLE",
        "confidence" : 10
      }, {
        "type" : "IN_CAR",
        "confidence" : 10
      } ]
    }, {
      "timestampMs" : "1615015086302",
      "activity" : [ {
        "type" : "UNKNOWN",
        "confidence" : 40
      }, {
        "type" : "IN_VEHICLE",
        "confidence" : 10
      }, {
        "type" : "ON_BICYCLE",
        "confidence" : 10
      }, {
        "type" : "ON_FOOT",
        "confidence" : 10
      }, {
        "type" : "WALKING",
        "confidence" : 10
      }, {
        "type" : "RUNNING",
        "confidence" : 10
      }, {
        "type" : "STILL",
        "confidence" : 10
      }, {
        "type" : "IN_ROAD_VEHICLE",
        "confidence" : 10
      }, {
        "type" : "IN_RAIL_VEHICLE",
        "confidence" : 10
      }, {
        "type" : "IN_FOUR_WHEELER_VEHICLE",
        "confidence" : 10
      }, {
        "type" : "IN_CAR",
        "confidence" : 10
      } ]
    }, {
      "timestampMs" : "1615015332445",
      "activity" : [ {
        "type" : "STILL",
        "confidence" : 40
      }, {
        "type" : "ON_FOOT",
        "confidence" : 28
      }, {
        "type" : "WALKING",
        "confidence" : 28
      }, {
        "type" : "IN_VEHICLE",
        "confidence" : 18
      }, {
        "type" : "IN_RAIL_VEHICLE",
        "confidence" : 18
      }, {
        "type" : "IN_ROAD_VEHICLE",
        "confidence" : 9
      }, {
        "type" : "IN_FOUR_WHEELER_VEHICLE",
        "confidence" : 9
      }, {
        "type" : "IN_CAR",
        "confidence" : 9
      }, {
        "type" : "ON_BICYCLE",
        "confidence" : 3
      }, {
        "type" : "UNKNOWN",
        "confidence" : 2
      } ]
    } ]
  }, {
    "timestampMs" : "1615016547000",
    "latitudeE7" : 408049890,
    "longitudeE7" : -829663206,
    "accuracy" : 13,
    "velocity" : 0,
    "altitude" : 303,
    "verticalAccuracy" : 5,
    "activity" : [ {
      "timestampMs" : "1615015571261",
      "activity" : [ {
        "type" : "UNKNOWN",
        "confidence" : 40
      }, {
        "type" : "IN_VEHICLE",
        "confidence" : 10
      }, {
        "type" : "ON_BICYCLE",
        "confidence" : 10
      }, {
        "type" : "ON_FOOT",
        "confidence" : 10
      }, {
        "type" : "WALKING",
        "confidence" : 10
      }, {
        "type" : "RUNNING",
        "confidence" : 10
      }, {
        "type" : "STILL",
        "confidence" : 10
      }, {
        "type" : "IN_ROAD_VEHICLE",
        "confidence" : 10
      }, {
        "type" : "IN_RAIL_VEHICLE",
        "confidence" : 10
      }, {
        "type" : "IN_FOUR_WHEELER_VEHICLE",
        "confidence" : 10
      }, {
        "type" : "IN_CAR",
        "confidence" : 10
      } ]
    }, {
      "timestampMs" : "1615015856688",
      "activity" : [ {
        "type" : "STILL",
        "confidence" : 35
      }, {
        "type" : "ON_FOOT",
        "confidence" : 29
      }, {
        "type" : "WALKING",
        "confidence" : 29
      }, {
        "type" : "IN_VEHICLE",
        "confidence" : 19
      }, {
        "type" : "IN_RAIL_VEHICLE",
        "confidence" : 19
      }, {
        "type" : "IN_ROAD_VEHICLE",
        "confidence" : 13
      }, {
        "type" : "IN_FOUR_WHEELER_VEHICLE",
        "confidence" : 13
      }, {
        "type" : "IN_CAR",
        "confidence" : 13
      }, {
        "type" : "ON_BICYCLE",
        "confidence" : 3
      }, {
        "type" : "UNKNOWN",
        "confidence" : 1
      } ]
    }, {
      "timestampMs" : "1615016096939",
      "activity" : [ {
        "type" : "STILL",
        "confidence" : 97
      }, {
        "type" : "UNKNOWN",
        "confidence" : 2
      }, {
        "type" : "ON_FOOT",
        "confidence" : 1
      }, {
        "type" : "WALKING",
        "confidence" : 1
      } ]
    }, {
      "timestampMs" : "1615016337233",
      "activity" : [ {
        "type" : "STILL",
        "confidence" : 97
      }, {
        "type" : "IN_VEHICLE",
        "confidence" : 1
      }, {
        "type" : "ON_FOOT",
        "confidence" : 1
      }, {
        "type" : "WALKING",
        "confidence" : 1
      }, {
        "type" : "UNKNOWN",
        "confidence" : 1
      }, {
        "type" : "IN_ROAD_VEHICLE",
        "confidence" : 1
      }, {
        "type" : "IN_FOUR_WHEELER_VEHICLE",
        "confidence" : 1
      }, {
        "type" : "IN_CAR",
        "confidence" : 1
      } ]
    }, {
      "timestampMs" : "1615016542299",
      "activity" : [ {
        "type" : "STILL",
        "confidence" : 37
      }, {
        "type" : "ON_FOOT",
        "confidence" : 29
      }, {
        "type" : "WALKING",
        "confidence" : 29
      }, {
        "type" : "IN_VEHICLE",
        "confidence" : 14
      }, {
        "type" : "IN_ROAD_VEHICLE",
        "confidence" : 14
      }, {
        "type" : "IN_RAIL_VEHICLE",
        "confidence" : 14
      }, {
        "type" : "IN_FOUR_WHEELER_VEHICLE",
        "confidence" : 14
      }, {
        "type" : "IN_CAR",
        "confidence" : 14
      }, {
        "type" : "ON_BICYCLE",
        "confidence" : 3
      }, {
        "type" : "UNKNOWN",
        "confidence" : 3
      } ]
    }, {
      "timestampMs" : "1615016547139",
      "activity" : [ {
        "type" : "UNKNOWN",
        "confidence" : 40
      }, {
        "type" : "IN_VEHICLE",
        "confidence" : 10
      }, {
        "type" : "ON_BICYCLE",
        "confidence" : 10
      }, {
        "type" : "ON_FOOT",
        "confidence" : 10
      }, {
        "type" : "WALKING",
        "confidence" : 10
      }, {
        "type" : "RUNNING",
        "confidence" : 10
      }, {
        "type" : "STILL",
        "confidence" : 10
      }, {
        "type" : "IN_ROAD_VEHICLE",
        "confidence" : 10
      }, {
        "type" : "IN_RAIL_VEHICLE",
        "confidence" : 10
      }, {
        "type" : "IN_FOUR_WHEELER_VEHICLE",
        "confidence" : 10
      }, {
        "type" : "IN_CAR",
        "confidence" : 10
      } ]
    } ]
  }, {
    "timestampMs" : "1615016563000",
    "latitudeE7" : 408050176,
    "longitudeE7" : -829664974,
    "accuracy" : 13,
    "velocity" : 0,
    "heading" : 316,
    "altitude" : 297,
    "verticalAccuracy" : 8,
    "activity" : [ {
      "timestampMs" : "1615016559492",
      "activity" : [ {
        "type" : "STILL",
        "confidence" : 96
      }, {
        "type" : "IN_VEHICLE",
        "confidence" : 2
      }, {
        "type" : "IN_RAIL_VEHICLE",
        "confidence" : 2
      }, {
        "type" : "UNKNOWN",
        "confidence" : 1
      }, {
        "type" : "IN_ROAD_VEHICLE",
        "confidence" : 1
      }, {
        "type" : "IN_FOUR_WHEELER_VEHICLE",
        "confidence" : 1
      }, {
        "type" : "IN_CAR",
        "confidence" : 1
      } ]
    }, {
      "timestampMs" : "1615016568521",
      "activity" : [ {
        "type" : "UNKNOWN",
        "confidence" : 40
      }, {
        "type" : "IN_VEHICLE",
        "confidence" : 10
      }, {
        "type" : "ON_BICYCLE",
        "confidence" : 10
      }, {
        "type" : "ON_FOOT",
        "confidence" : 10
      }, {
        "type" : "WALKING",
        "confidence" : 10
      }, {
        "type" : "RUNNING",
        "confidence" : 10
      }, {
        "type" : "STILL",
        "confidence" : 10
      }, {
        "type" : "IN_ROAD_VEHICLE",
        "confidence" : 10
      }, {
        "type" : "IN_RAIL_VEHICLE",
        "confidence" : 10
      }, {
        "type" : "IN_FOUR_WHEELER_VEHICLE",
        "confidence" : 10
      }, {
        "type" : "IN_CAR",
        "confidence" : 10
      } ]
    } ]
  }, {
    "timestampMs" : "1615016578000",
    "latitudeE7" : 408050161,
    "longitudeE7" : -829664975,
    "accuracy" : 14,
    "velocity" : 0,
    "heading" : 320,
    "altitude" : 297,
    "verticalAccuracy" : 8,
    "activity" : [ {
      "timestampMs" : "1615016581565",
      "activity" : [ {
        "type" : "STILL",
        "confidence" : 34
      }, {
        "type" : "ON_FOOT",
        "confidence" : 26
      }, {
        "type" : "WALKING",
        "confidence" : 26
      }, {
        "type" : "IN_VEHICLE",
        "confidence" : 18
      }, {
        "type" : "IN_RAIL_VEHICLE",
        "confidence" : 18
      }, {
        "type" : "IN_ROAD_VEHICLE",
        "confidence" : 11
      }, {
        "type" : "IN_FOUR_WHEELER_VEHICLE",
        "confidence" : 11
      }, {
        "type" : "IN_CAR",
        "confidence" : 11
      }, {
        "type" : "ON_BICYCLE",
        "confidence" : 9
      }, {
        "type" : "RUNNING",
        "confidence" : 1
      }, {
        "type" : "UNKNOWN",
        "confidence" : 1
      } ]
    } ]
  }, {
    "timestampMs" : "1615016593000",
    "latitudeE7" : 408050174,
    "longitudeE7" : -829664925,
    "accuracy" : 12,
    "velocity" : 0,
    "heading" : 91,
    "altitude" : 297,
    "verticalAccuracy" : 8
  }, {
    "timestampMs" : "1615016609000",
    "latitudeE7" : 408050231,
    "longitudeE7" : -829664578,
    "accuracy" : 11,
    "velocity" : 0,
    "heading" : 71,
    "altitude" : 299,
    "verticalAccuracy" : 8
  }, {
    "timestampMs" : "1615016625000",
    "latitudeE7" : 408050236,
    "longitudeE7" : -829664714,
    "accuracy" : 12,
    "velocity" : 0,
    "heading" : 274,
    "altitude" : 298,
    "verticalAccuracy" : 7
  }, {
    "timestampMs" : "1615016641000",
    "latitudeE7" : 408050240,
    "longitudeE7" : -829664733,
    "accuracy" : 14,
    "velocity" : 0,
    "heading" : 6,
    "altitude" : 298,
    "verticalAccuracy" : 11,
    "activity" : [ {
      "timestampMs" : "1615016633534",
      "activity" : [ {
        "type" : "UNKNOWN",
        "confidence" : 40
      }, {
        "type" : "IN_VEHICLE",
        "confidence" : 10
      }, {
        "type" : "ON_BICYCLE",
        "confidence" : 10
      }, {
        "type" : "ON_FOOT",
        "confidence" : 10
      }, {
        "type" : "WALKING",
        "confidence" : 10
      }, {
        "type" : "RUNNING",
        "confidence" : 10
      }, {
        "type" : "STILL",
        "confidence" : 10
      }, {
        "type" : "IN_ROAD_VEHICLE",
        "confidence" : 10
      }, {
        "type" : "IN_RAIL_VEHICLE",
        "confidence" : 10
      }, {
        "type" : "IN_FOUR_WHEELER_VEHICLE",
        "confidence" : 10
      }, {
        "type" : "IN_CAR",
        "confidence" : 10
      } ]
    }, {
      "timestampMs" : "1615016646489",
      "activity" : [ {
        "type" : "STILL",
        "confidence" : 99
      }, {
        "type" : "UNKNOWN",
        "confidence" : 1
      } ]
    } ]
  }, {
    "timestampMs" : "1615016657000",
    "latitudeE7" : 408050253,
    "longitudeE7" : -829664749,
    "accuracy" : 15,
    "velocity" : 0,
    "heading" : 255,
    "altitude" : 298,
    "verticalAccuracy" : 12
  }, {
    "timestampMs" : "1615016672000",
    "latitudeE7" : 408050293,
    "longitudeE7" : -829664662,
    "accuracy" : 13,
    "velocity" : 0,
    "heading" : 64,
    "altitude" : 299,
    "verticalAccuracy" : 9,
    "activity" : [ {
      "timestampMs" : "1615016933225",
      "activity" : [ {
        "type" : "STILL",
        "confidence" : 47
      }, {
        "type" : "IN_VEHICLE",
        "confidence" : 23
      }, {
        "type" : "IN_RAIL_VEHICLE",
        "confidence" : 23
      }, {
        "type" : "ON_FOOT",
        "confidence" : 20
      }, {
        "type" : "WALKING",
        "confidence" : 20
      }, {
        "type" : "IN_ROAD_VEHICLE",
        "confidence" : 6
      }, {
        "type" : "IN_FOUR_WHEELER_VEHICLE",
        "confidence" : 6
      }, {
        "type" : "IN_CAR",
        "confidence" : 6
      }, {
        "type" : "ON_BICYCLE",
        "confidence" : 2
      }, {
        "type" : "UNKNOWN",
        "confidence" : 2
      } ]
    }, {
      "timestampMs" : "1615017184275",
      "activity" : [ {
        "type" : "STILL",
        "confidence" : 69
      }, {
        "type" : "IN_VEHICLE",
        "confidence" : 12
      }, {
        "type" : "IN_ROAD_VEHICLE",
        "confidence" : 12
      }, {
        "type" : "IN_FOUR_WHEELER_VEHICLE",
        "confidence" : 12
      }, {
        "type" : "IN_CAR",
        "confidence" : 12
      }, {
        "type" : "ON_FOOT",
        "confidence" : 9
      }, {
        "type" : "WALKING",
        "confidence" : 9
      }, {
        "type" : "ON_BICYCLE",
        "confidence" : 5
      }, {
        "type" : "IN_RAIL_VEHICLE",
        "confidence" : 4
      }, {
        "type" : "UNKNOWN",
        "confidence" : 1
      } ]
    }, {
      "timestampMs" : "1615017492229",
      "activity" : [ {
        "type" : "STILL",
        "confidence" : 71
      }, {
        "type" : "ON_FOOT",
        "confidence" : 12
      }, {
        "type" : "WALKING",
        "confidence" : 12
      }, {
        "type" : "IN_VEHICLE",
        "confidence" : 11
      }, {
        "type" : "IN_ROAD_VEHICLE",
        "confidence" : 11
      }, {
        "type" : "IN_FOUR_WHEELER_VEHICLE",
        "confidence" : 11
      }, {
        "type" : "IN_CAR",
        "confidence" : 11
      }, {
        "type" : "IN_RAIL_VEHICLE",
        "confidence" : 4
      }, {
        "type" : "ON_BICYCLE",
        "confidence" : 1
      }, {
        "type" : "UNKNOWN",
        "confidence" : 1
      } ]
    }, {
      "timestampMs" : "1615017562814",
      "activity" : [ {
        "type" : "UNKNOWN",
        "confidence" : 40
      }, {
        "type" : "IN_VEHICLE",
        "confidence" : 10
      }, {
        "type" : "ON_BICYCLE",
        "confidence" : 10
      }, {
        "type" : "ON_FOOT",
        "confidence" : 10
      }, {
        "type" : "WALKING",
        "confidence" : 10
      }, {
        "type" : "RUNNING",
        "confidence" : 10
      }, {
        "type" : "STILL",
        "confidence" : 10
      }, {
        "type" : "IN_ROAD_VEHICLE",
        "confidence" : 10
      }, {
        "type" : "IN_RAIL_VEHICLE",
        "confidence" : 10
      }, {
        "type" : "IN_FOUR_WHEELER_VEHICLE",
        "confidence" : 10
      }, {
        "type" : "IN_CAR",
        "confidence" : 10
      } ]
    } ]
  }, {
    "timestampMs" : "1615111872000",
    "latitudeE7" : 408049582,
    "longitudeE7" : -829665818,
    "accuracy" : 13,
    "velocity" : 0,
    "heading" : 169,
    "altitude" : 261,
    "verticalAccuracy" : 15,
    "activity" : [ {
      "timestampMs" : "1615112145311",
      "activity" : [ {
        "type" : "UNKNOWN",
        "confidence" : 40
      }, {
        "type" : "IN_VEHICLE",
        "confidence" : 10
      }, {
        "type" : "ON_BICYCLE",
        "confidence" : 10
      }, {
        "type" : "ON_FOOT",
        "confidence" : 10
      }, {
        "type" : "WALKING",
        "confidence" : 10
      }, {
        "type" : "RUNNING",
        "confidence" : 10
      }, {
        "type" : "STILL",
        "confidence" : 10
      }, {
        "type" : "IN_ROAD_VEHICLE",
        "confidence" : 10
      }, {
        "type" : "IN_RAIL_VEHICLE",
        "confidence" : 10
      }, {
        "type" : "IN_FOUR_WHEELER_VEHICLE",
        "confidence" : 10
      }, {
        "type" : "IN_CAR",
        "confidence" : 10
      } ]
    }, {
      "timestampMs" : "1615112385614",
      "activity" : [ {
        "type" : "UNKNOWN",
        "confidence" : 40
      }, {
        "type" : "IN_VEHICLE",
        "confidence" : 10
      }, {
        "type" : "ON_BICYCLE",
        "confidence" : 10
      }, {
        "type" : "ON_FOOT",
        "confidence" : 10
      }, {
        "type" : "WALKING",
        "confidence" : 10
      }, {
        "type" : "RUNNING",
        "confidence" : 10
      }, {
        "type" : "STILL",
        "confidence" : 10
      }, {
        "type" : "IN_ROAD_VEHICLE",
        "confidence" : 10
      }, {
        "type" : "IN_RAIL_VEHICLE",
        "confidence" : 10
      }, {
        "type" : "IN_FOUR_WHEELER_VEHICLE",
        "confidence" : 10
      }, {
        "type" : "IN_CAR",
        "confidence" : 10
      } ]
    } ]
  }, {
    "timestampMs" : "1615113376660",
    "latitudeE7" : 408046998,
    "longitudeE7" : -829672361,
    "accuracy" : 70,
    "altitude" : 272,
    "verticalAccuracy" : 1,
    "activity" : [ {
      "timestampMs" : "1615112625835",
      "activity" : [ {
        "type" : "UNKNOWN",
        "confidence" : 40
      }, {
        "type" : "IN_VEHICLE",
        "confidence" : 10
      }, {
        "type" : "ON_BICYCLE",
        "confidence" : 10
      }, {
        "type" : "ON_FOOT",
        "confidence" : 10
      }, {
        "type" : "WALKING",
        "confidence" : 10
      }, {
        "type" : "RUNNING",
        "confidence" : 10
      }, {
        "type" : "STILL",
        "confidence" : 10
      }, {
        "type" : "IN_ROAD_VEHICLE",
        "confidence" : 10
      }, {
        "type" : "IN_RAIL_VEHICLE",
        "confidence" : 10
      }, {
        "type" : "IN_FOUR_WHEELER_VEHICLE",
        "confidence" : 10
      }, {
        "type" : "IN_CAR",
        "confidence" : 10
      } ]
    }, {
      "timestampMs" : "1615112866101",
      "activity" : [ {
        "type" : "STILL",
        "confidence" : 94
      }, {
        "type" : "IN_VEHICLE",
        "confidence" : 4
      }, {
        "type" : "IN_ROAD_VEHICLE",
        "confidence" : 4
      }, {
        "type" : "IN_FOUR_WHEELER_VEHICLE",
        "confidence" : 4
      }, {
        "type" : "IN_CAR",
        "confidence" : 4
      }, {
        "type" : "UNKNOWN",
        "confidence" : 2
      } ]
    }, {
      "timestampMs" : "1615113109486",
      "activity" : [ {
        "type" : "STILL",
        "confidence" : 80
      }, {
        "type" : "IN_VEHICLE",
        "confidence" : 18
      }, {
        "type" : "IN_ROAD_VEHICLE",
        "confidence" : 18
      }, {
        "type" : "IN_FOUR_WHEELER_VEHICLE",
        "confidence" : 18
      }, {
        "type" : "IN_CAR",
        "confidence" : 18
      }, {
        "type" : "UNKNOWN",
        "confidence" : 1
      }, {
        "type" : "IN_RAIL_VEHICLE",
        "confidence" : 1
      } ]
    }, {
      "timestampMs" : "1615113376053",
      "activity" : [ {
        "type" : "STILL",
        "confidence" : 60
      }, {
        "type" : "IN_VEHICLE",
        "confidence" : 32
      }, {
        "type" : "IN_ROAD_VEHICLE",
        "confidence" : 32
      }, {
        "type" : "IN_FOUR_WHEELER_VEHICLE",
        "confidence" : 32
      }, {
        "type" : "IN_CAR",
        "confidence" : 32
      }, {
        "type" : "ON_FOOT",
        "confidence" : 3
      }, {
        "type" : "WALKING",
        "confidence" : 3
      }, {
        "type" : "IN_RAIL_VEHICLE",
        "confidence" : 3
      }, {
        "type" : "UNKNOWN",
        "confidence" : 2
      } ]
    } ]
  }, {
    "timestampMs" : "1615115013135",
    "latitudeE7" : 408051109,
    "longitudeE7" : -829667101,
    "accuracy" : 30,
    "altitude" : 273,
    "verticalAccuracy" : 1,
    "activity" : [ {
      "timestampMs" : "1615113749235",
      "activity" : [ {
        "type" : "UNKNOWN",
        "confidence" : 40
      }, {
        "type" : "IN_VEHICLE",
        "confidence" : 10
      }, {
        "type" : "ON_BICYCLE",
        "confidence" : 10
      }, {
        "type" : "ON_FOOT",
        "confidence" : 10
      }, {
        "type" : "WALKING",
        "confidence" : 10
      }, {
        "type" : "RUNNING",
        "confidence" : 10
      }, {
        "type" : "STILL",
        "confidence" : 10
      }, {
        "type" : "IN_ROAD_VEHICLE",
        "confidence" : 10
      }, {
        "type" : "IN_RAIL_VEHICLE",
        "confidence" : 10
      }, {
        "type" : "IN_FOUR_WHEELER_VEHICLE",
        "confidence" : 10
      }, {
        "type" : "IN_CAR",
        "confidence" : 10
      } ]
    }, {
      "timestampMs" : "1615114004459",
      "activity" : [ {
        "type" : "STILL",
        "confidence" : 52
      }, {
        "type" : "IN_VEHICLE",
        "confidence" : 24
      }, {
        "type" : "IN_RAIL_VEHICLE",
        "confidence" : 24
      }, {
        "type" : "IN_ROAD_VEHICLE",
        "confidence" : 12
      }, {
        "type" : "IN_FOUR_WHEELER_VEHICLE",
        "confidence" : 12
      }, {
        "type" : "IN_CAR",
        "confidence" : 12
      }, {
        "type" : "ON_FOOT",
        "confidence" : 9
      }, {
        "type" : "WALKING",
        "confidence" : 9
      }, {
        "type" : "UNKNOWN",
        "confidence" : 2
      }, {
        "type" : "ON_BICYCLE",
        "confidence" : 1
      } ]
    }, {
      "timestampMs" : "1615114266777",
      "activity" : [ {
        "type" : "STILL",
        "confidence" : 98
      }, {
        "type" : "IN_VEHICLE",
        "confidence" : 1
      }, {
        "type" : "UNKNOWN",
        "confidence" : 1
      }, {
        "type" : "IN_ROAD_VEHICLE",
        "confidence" : 1
      }, {
        "type" : "IN_FOUR_WHEELER_VEHICLE",
        "confidence" : 1
      }, {
        "type" : "IN_CAR",
        "confidence" : 1
      } ]
    }, {
      "timestampMs" : "1615114532140",
      "activity" : [ {
        "type" : "STILL",
        "confidence" : 86
      }, {
        "type" : "IN_VEHICLE",
        "confidence" : 9
      }, {
        "type" : "IN_ROAD_VEHICLE",
        "confidence" : 9
      }, {
        "type" : "IN_FOUR_WHEELER_VEHICLE",
        "confidence" : 9
      }, {
        "type" : "IN_CAR",
        "confidence" : 9
      }, {
        "type" : "ON_FOOT",
        "confidence" : 2
      }, {
        "type" : "WALKING",
        "confidence" : 2
      }, {
        "type" : "IN_RAIL_VEHICLE",
        "confidence" : 2
      }, {
        "type" : "UNKNOWN",
        "confidence" : 1
      } ]
    }, {
      "timestampMs" : "1615114772351",
      "activity" : [ {
        "type" : "STILL",
        "confidence" : 57
      }, {
        "type" : "IN_VEHICLE",
        "confidence" : 26
      }, {
        "type" : "IN_ROAD_VEHICLE",
        "confidence" : 26
      }, {
        "type" : "IN_FOUR_WHEELER_VEHICLE",
        "confidence" : 26
      }, {
        "type" : "IN_CAR",
        "confidence" : 26
      }, {
        "type" : "IN_RAIL_VEHICLE",
        "confidence" : 13
      }, {
        "type" : "ON_FOOT",
        "confidence" : 3
      }, {
        "type" : "WALKING",
        "confidence" : 3
      }, {
        "type" : "UNKNOWN",
        "confidence" : 1
      } ]
    }, {
      "timestampMs" : "1615114892478",
      "activity" : [ {
        "type" : "TILTING",
        "confidence" : 100
      } ]
    }, {
      "timestampMs" : "1615115012605",
      "activity" : [ {
        "type" : "STILL",
        "confidence" : 87
      }, {
        "type" : "IN_VEHICLE",
        "confidence" : 9
      }, {
        "type" : "IN_ROAD_VEHICLE",
        "confidence" : 9
      }, {
        "type" : "IN_FOUR_WHEELER_VEHICLE",
        "confidence" : 9
      }, {
        "type" : "IN_CAR",
        "confidence" : 9
      }, {
        "type" : "IN_RAIL_VEHICLE",
        "confidence" : 2
      }, {
        "type" : "ON_FOOT",
        "confidence" : 1
      }, {
        "type" : "WALKING",
        "confidence" : 1
      }, {
        "type" : "UNKNOWN",
        "confidence" : 1
      } ]
    } ]
  }, {
    "timestampMs" : "1615115694642",
    "latitudeE7" : 408045476,
    "longitudeE7" : -829674625,
    "accuracy" : 39,
    "altitude" : 273,
    "verticalAccuracy" : 1,
    "activity" : [ {
      "timestampMs" : "1615115363688",
      "activity" : [ {
        "type" : "TILTING",
        "confidence" : 100
      } ]
    }, {
      "timestampMs" : "1615115697753",
      "activity" : [ {
        "type" : "STILL",
        "confidence" : 66
      }, {
        "type" : "IN_VEHICLE",
        "confidence" : 19
      }, {
        "type" : "IN_ROAD_VEHICLE",
        "confidence" : 19
      }, {
        "type" : "IN_FOUR_WHEELER_VEHICLE",
        "confidence" : 19
      }, {
        "type" : "IN_CAR",
        "confidence" : 19
      }, {
        "type" : "IN_RAIL_VEHICLE",
        "confidence" : 8
      }, {
        "type" : "ON_FOOT",
        "confidence" : 4
      }, {
        "type" : "WALKING",
        "confidence" : 4
      }, {
        "type" : "UNKNOWN",
        "confidence" : 2
      }, {
        "type" : "ON_BICYCLE",
        "confidence" : 1
      } ]
    } ]
  }, {
    "timestampMs" : "1615116868033",
    "latitudeE7" : 408049288,
    "longitudeE7" : -829668712,
    "accuracy" : 55,
    "altitude" : 273,
    "verticalAccuracy" : 1,
    "activity" : [ {
      "timestampMs" : "1615116965259",
      "activity" : [ {
        "type" : "STILL",
        "confidence" : 51
      }, {
        "type" : "IN_VEHICLE",
        "confidence" : 24
      }, {
        "type" : "IN_ROAD_VEHICLE",
        "confidence" : 24
      }, {
        "type" : "IN_FOUR_WHEELER_VEHICLE",
        "confidence" : 24
      }, {
        "type" : "IN_CAR",
        "confidence" : 24
      }, {
        "type" : "IN_RAIL_VEHICLE",
        "confidence" : 10
      }, {
        "type" : "ON_FOOT",
        "confidence" : 9
      }, {
        "type" : "WALKING",
        "confidence" : 9
      }, {
        "type" : "ON_BICYCLE",
        "confidence" : 4
      }, {
        "type" : "RUNNING",
        "confidence" : 1
      }, {
        "type" : "UNKNOWN",
        "confidence" : 1
      } ]
    }, {
      "timestampMs" : "1615117099587",
      "activity" : [ {
        "type" : "TILTING",
        "confidence" : 100
      } ]
    }, {
      "timestampMs" : "1615117219758",
      "activity" : [ {
        "type" : "UNKNOWN",
        "confidence" : 40
      }, {
        "type" : "IN_VEHICLE",
        "confidence" : 10
      }, {
        "type" : "ON_BICYCLE",
        "confidence" : 10
      }, {
        "type" : "ON_FOOT",
        "confidence" : 10
      }, {
        "type" : "WALKING",
        "confidence" : 10
      }, {
        "type" : "RUNNING",
        "confidence" : 10
      }, {
        "type" : "STILL",
        "confidence" : 10
      }, {
        "type" : "IN_ROAD_VEHICLE",
        "confidence" : 10
      }, {
        "type" : "IN_RAIL_VEHICLE",
        "confidence" : 10
      }, {
        "type" : "IN_FOUR_WHEELER_VEHICLE",
        "confidence" : 10
      }, {
        "type" : "IN_CAR",
        "confidence" : 10
      } ]
    }, {
      "timestampMs" : "1615117344956",
      "activity" : [ {
        "type" : "TILTING",
        "confidence" : 100
      } ]
    } ]
  }, {
    "timestampMs" : "1615117951931",
    "latitudeE7" : 408046739,
    "longitudeE7" : -829672802,
    "accuracy" : 53,
    "altitude" : 272,
    "verticalAccuracy" : 1,
    "activity" : [ {
      "timestampMs" : "1615117470153",
      "activity" : [ {
        "type" : "STILL",
        "confidence" : 99
      }, {
        "type" : "UNKNOWN",
        "confidence" : 1
      } ]
    }, {
      "timestampMs" : "1615117711202",
      "activity" : [ {
        "type" : "STILL",
        "confidence" : 99
      }, {
        "type" : "UNKNOWN",
        "confidence" : 1
      } ]
    }, {
      "timestampMs" : "1615117951458",
      "activity" : [ {
        "type" : "STILL",
        "confidence" : 98
      }, {
        "type" : "IN_VEHICLE",
        "confidence" : 1
      }, {
        "type" : "UNKNOWN",
        "confidence" : 1
      }, {
        "type" : "IN_ROAD_VEHICLE",
        "confidence" : 1
      }, {
        "type" : "IN_FOUR_WHEELER_VEHICLE",
        "confidence" : 1
      }, {
        "type" : "IN_CAR",
        "confidence" : 1
      } ]
    } ]
  }, {
    "timestampMs" : "1615118074060",
    "latitudeE7" : 408045531,
    "longitudeE7" : -829673506,
    "accuracy" : 49,
    "altitude" : 273,
    "verticalAccuracy" : 1
  }, {
    "timestampMs" : "1615125309651",
    "latitudeE7" : 408048710,
    "longitudeE7" : -829666775,
    "accuracy" : 51,
    "altitude" : 273,
    "verticalAccuracy" : 1,
    "activity" : [ {
      "timestampMs" : "1615121636581",
      "activity" : [ {
        "type" : "TILTING",
        "confidence" : 100
      } ]
    }, {
      "timestampMs" : "1615125303520",
      "activity" : [ {
        "type" : "STILL",
        "confidence" : 100
      } ]
    } ]
  }, {
    "timestampMs" : "1615131698468",
    "latitudeE7" : 408045263,
    "longitudeE7" : -829674044,
    "accuracy" : 53,
    "altitude" : 273,
    "verticalAccuracy" : 1,
    "activity" : [ {
      "timestampMs" : "1615131692519",
      "activity" : [ {
        "type" : "STILL",
        "confidence" : 100
      } ]
    } ]
  }, {
    "timestampMs" : "1615134094774",
    "latitudeE7" : 408049952,
    "longitudeE7" : -829668280,
    "accuracy" : 46,
    "altitude" : 273,
    "verticalAccuracy" : 1,
    "activity" : [ {
      "timestampMs" : "1615132896100",
      "activity" : [ {
        "type" : "TILTING",
        "confidence" : 100
      } ]
    }, {
      "timestampMs" : "1615134088208",
      "activity" : [ {
        "type" : "STILL",
        "confidence" : 99
      }, {
        "type" : "UNKNOWN",
        "confidence" : 1
      } ]
    } ]
  }, {
    "timestampMs" : "1615198982221",
    "latitudeE7" : 408050798,
    "longitudeE7" : -829667747,
    "accuracy" : 35,
    "altitude" : 273,
    "verticalAccuracy" : 1,
    "activity" : [ {
      "timestampMs" : "1615197890079",
      "activity" : [ {
        "type" : "TILTING",
        "confidence" : 100
      } ]
    }, {
      "timestampMs" : "1615198988632",
      "activity" : [ {
        "type" : "STILL",
        "confidence" : 37
      }, {
        "type" : "UNKNOWN",
        "confidence" : 21
      }, {
        "type" : "ON_FOOT",
        "confidence" : 15
      }, {
        "type" : "WALKING",
        "confidence" : 15
      }, {
        "type" : "IN_VEHICLE",
        "confidence" : 8
      }, {
        "type" : "ON_BICYCLE",
        "confidence" : 8
      }, {
        "type" : "IN_ROAD_VEHICLE",
        "confidence" : 8
      }, {
        "type" : "IN_RAIL_VEHICLE",
        "confidence" : 7
      }, {
        "type" : "RUNNING",
        "confidence" : 6
      }, {
        "type" : "IN_TWO_WHEELER_VEHICLE",
        "confidence" : 4
      }, {
        "type" : "IN_FOUR_WHEELER_VEHICLE",
        "confidence" : 4
      } ]
    }, {
      "timestampMs" : "1615199234693",
      "activity" : [ {
        "type" : "STILL",
        "confidence" : 79
      }, {
        "type" : "ON_FOOT",
        "confidence" : 9
      }, {
        "type" : "WALKING",
        "confidence" : 9
      }, {
        "type" : "IN_VEHICLE",
        "confidence" : 4
      }, {
        "type" : "IN_ROAD_VEHICLE",
        "confidence" : 4
      }, {
        "type" : "IN_RAIL_VEHICLE",
        "confidence" : 4
      }, {
        "type" : "ON_BICYCLE",
        "confidence" : 2
      }, {
        "type" : "UNKNOWN",
        "confidence" : 2
      }, {
        "type" : "IN_TWO_WHEELER_VEHICLE",
        "confidence" : 2
      }, {
        "type" : "IN_FOUR_WHEELER_VEHICLE",
        "confidence" : 2
      } ]
    } ]
  }, {
    "timestampMs" : "1615199544207",
    "latitudeE7" : 408050798,
    "longitudeE7" : -829667747,
    "accuracy" : 35,
    "altitude" : 273,
    "verticalAccuracy" : 1,
    "activity" : [ {
      "timestampMs" : "1615199547590",
      "activity" : [ {
        "type" : "STILL",
        "confidence" : 35
      }, {
        "type" : "IN_VEHICLE",
        "confidence" : 21
      }, {
        "type" : "IN_ROAD_VEHICLE",
        "confidence" : 21
      }, {
        "type" : "ON_FOOT",
        "confidence" : 18
      }, {
        "type" : "WALKING",
        "confidence" : 18
      }, {
        "type" : "IN_RAIL_VEHICLE",
        "confidence" : 12
      }, {
        "type" : "ON_BICYCLE",
        "confidence" : 11
      }, {
        "type" : "IN_TWO_WHEELER_VEHICLE",
        "confidence" : 10
      }, {
        "type" : "IN_FOUR_WHEELER_VEHICLE",
        "confidence" : 10
      }, {
        "type" : "UNKNOWN",
        "confidence" : 2
      }, {
        "type" : "RUNNING",
        "confidence" : 1
      } ]
    } ]
  }, {
    "timestampMs" : "1615199559247",
    "latitudeE7" : 408050798,
    "longitudeE7" : -829667747,
    "accuracy" : 35,
    "altitude" : 273,
    "verticalAccuracy" : 1,
    "activity" : [ {
      "timestampMs" : "1615199680276",
      "activity" : [ {
        "type" : "TILTING",
        "confidence" : 100
      } ]
    }, {
      "timestampMs" : "1615199812961",
      "activity" : [ {
        "type" : "STILL",
        "confidence" : 100
      } ]
    } ]
  }, {
    "timestampMs" : "1615208744139",
    "latitudeE7" : 408050714,
    "longitudeE7" : -829667313,
    "accuracy" : 70,
    "altitude" : 273,
    "verticalAccuracy" : 1,
    "activity" : [ {
      "timestampMs" : "1615204014952",
      "activity" : [ {
        "type" : "STILL",
        "confidence" : 100
      } ]
    }, {
      "timestampMs" : "1615204157710",
      "activity" : [ {
        "type" : "TILTING",
        "confidence" : 100
      } ]
    }, {
      "timestampMs" : "1615208502458",
      "activity" : [ {
        "type" : "STILL",
        "confidence" : 25
      }, {
        "type" : "UNKNOWN",
        "confidence" : 22
      }, {
        "type" : "IN_VEHICLE",
        "confidence" : 16
      }, {
        "type" : "IN_RAIL_VEHICLE",
        "confidence" : 16
      }, {
        "type" : "IN_ROAD_VEHICLE",
        "confidence" : 14
      }, {
        "type" : "ON_FOOT",
        "confidence" : 12
      }, {
        "type" : "WALKING",
        "confidence" : 12
      }, {
        "type" : "ON_BICYCLE",
        "confidence" : 8
      }, {
        "type" : "IN_TWO_WHEELER_VEHICLE",
        "confidence" : 7
      }, {
        "type" : "IN_FOUR_WHEELER_VEHICLE",
        "confidence" : 7
      }, {
        "type" : "RUNNING",
        "confidence" : 5
      } ]
    }, {
      "timestampMs" : "1615208742695",
      "activity" : [ {
        "type" : "STILL",
        "confidence" : 84
      }, {
        "type" : "ON_FOOT",
        "confidence" : 10
      }, {
        "type" : "WALKING",
        "confidence" : 10
      }, {
        "type" : "IN_VEHICLE",
        "confidence" : 3
      }, {
        "type" : "UNKNOWN",
        "confidence" : 3
      }, {
        "type" : "IN_ROAD_VEHICLE",
        "confidence" : 3
      }, {
        "type" : "IN_TWO_WHEELER_VEHICLE",
        "confidence" : 1
      }, {
        "type" : "IN_FOUR_WHEELER_VEHICLE",
        "confidence" : 1
      } ]
    } ]
  } ]
}