[{
  "device": {
    "mostRecentData": {
      "carrierName": "MetroPCS",
      "playStoreClientVersion": 82421510,
      "manufacturer": "motorola",
      "modelName": "moto g play (2021)",
      "deviceName": "guamna",
      "productName": "guamna_t",
      "retailBrand": "motorola",
      "totalMemoryBytes": "2861543424",
      "nativePlatform": ["arm64-v8a", "armeabi-v7a", "armeabi"],
      "deviceIpCountry": "US",
      "userLocale": "en_US",
      "buildFingerprint": "motorola/guamna_t/guamna:10/QZA30.Q4-39-57-2/33de9:user/release-keys",
      "androidSdkVersion": "29"
    },
    "dataAtTimeOfUserPlayActivity": {
      "carrierName": "MetroPCS",
      "manufacturer": "motorola",
      "modelName": "moto g play (2021)",
      "deviceName": "guamna",
      "productName": "guamna_t",
      "retailBrand": "motorola",
      "nativePlatform": ["arm64-v8a", "armeabi-v7a", "armeabi"],
      "deviceIpCountry": "US",
      "userLocale": "en_US",
      "androidSdkVersion": "29"
    },
    "deviceRegistrationTime": "2021-03-06T04:47:20.064Z",
    "userAddedOnDeviceTime": "2021-03-06T04:47:20.064Z",
    "lastTimeDeviceActive": "2021-03-08T07:21:58.545279Z"
  }
},
{
  "device": {
    "mostRecentData": {
      "carrierName": "MetroPCS",
      "playStoreClientVersion": 82242510,
      "manufacturer": "motorola",
      "modelName": "moto g play (2021)",
      "deviceName": "guamna",
      "productName": "guamna_t",
      "retailBrand": "motorola",
      "totalMemoryBytes": "2861543424",
      "nativePlatform": ["arm64-v8a", "armeabi-v7a", "armeabi"],
      "deviceIpCountry": "US",
      "userLocale": "en_US",
      "buildFingerprint": "motorola/guamna_t/guamna:10/QZA30.Q4-39-57-2/33de9:user/release-keys",
      "androidSdkVersion": "29"
    },
    "dataAtTimeOfUserPlayActivity": {
      "carrierName": "MetroPCS",
      "manufacturer": "motorola",
      "modelName": "moto g play (2021)",
      "deviceName": "guamna",
      "productName": "guamna_t",
      "retailBrand": "motorola",
      "nativePlatform": ["arm64-v8a", "armeabi-v7a", "armeabi"],
      "deviceIpCountry": "US",
      "userLocale": "en_US",
      "androidSdkVersion": "29"
    },
    "deviceRegistrationTime": "2021-02-20T19:47:33.097Z",
    "userAddedOnDeviceTime": "2021-02-20T19:47:33.097Z",
    "lastTimeDeviceActive": "2021-02-20T19:48:15.033679Z"
  }
},
{
  "device": {
    "mostRecentData": {
      "carrierName": "MetroPCS",
      "playStoreClientVersion": 82242510,
      "manufacturer": "motorola",
      "modelName": "moto g play (2021)",
      "deviceName": "guamna",
      "productName": "guamna_t",
      "retailBrand": "motorola",
      "totalMemoryBytes": "2861543424",
      "nativePlatform": ["arm64-v8a", "armeabi-v7a", "armeabi"],
      "deviceIpCountry": "US",
      "userLocale": "en_US",
      "buildFingerprint": "motorola/guamna_t/guamna:10/QZA30.Q4-39-57-2/33de9:user/release-keys",
      "androidSdkVersion": "29"
    },
    "deviceRegistrationTime": "2021-02-19T01:47:18.692Z",
    "userAddedOnDeviceTime": "2021-02-19T01:47:18.692Z",
    "lastTimeDeviceActive": "2021-02-19T01:50:02.414767Z"
  }
},
{
  "device": {
    "mostRecentData": {
      "carrierName": "MetroPCS",
      "playStoreClientVersion": 82242510,
      "manufacturer": "motorola",
      "modelName": "moto g play (2021)",
      "deviceName": "guamna",
      "productName": "guamna_t",
      "retailBrand": "motorola",
      "totalMemoryBytes": "2861543424",
      "nativePlatform": ["arm64-v8a", "armeabi-v7a", "armeabi"],
      "deviceIpCountry": "US",
      "userLocale": "en_US",
      "buildFingerprint": "motorola/guamna_t/guamna:10/QZA30.Q4-39-57-2/33de9:user/release-keys",
      "androidSdkVersion": "29"
    },
    "deviceRegistrationTime": "2021-02-18T18:49:02.043Z",
    "userAddedOnDeviceTime": "2021-02-18T18:49:02.044Z",
    "lastTimeDeviceActive": "2021-02-18T18:51:59.809983Z"
  }
}]