[{
  "libraryDoc": {
    "doc": {
      "documentType": "Android Apps",
      "title": "Facebook"
    },
    "acquisitionTime": "2021-02-18T21:03:27.471Z"
  }
},
{
  "libraryDoc": {
    "doc": {
      "documentType": "Android Apps",
      "title": "Google Play services"
    },
    "acquisitionTime": "2021-02-19T01:50:02.031Z"
  }
},
{
  "libraryDoc": {
    "doc": {
      "documentType": "Android Apps",
      "title": "Messenger – Text and Video Chat for Free"
    },
    "acquisitionTime": "2021-02-19T01:53:01.939Z"
  }
},
{
  "libraryDoc": {
    "doc": {
      "documentType": "Android Apps",
      "title": "Google Find My Device"
    },
    "acquisitionTime": "2021-02-19T05:27:41.510Z"
  }
},
{
  "libraryDoc": {
    "doc": {
      "documentType": "Android Apps",
      "title": "Workit Health: Addiction Recovery by Experts"
    },
    "acquisitionTime": "2021-02-19T15:24:05.459Z"
  }
},
{
  "libraryDoc": {
    "doc": {
      "documentType": "Android Apps",
      "title": "Snapchat"
    },
    "acquisitionTime": "2021-02-19T16:15:32.921Z"
  }
},
{
  "libraryDoc": {
    "doc": {
      "documentType": "Android Apps",
      "title": "Spectrum Mobile Account"
    },
    "acquisitionTime": "2021-02-19T18:00:21.841Z"
  }
},
{
  "libraryDoc": {
    "doc": {
      "documentType": "Android Apps",
      "title": "Google One"
    },
    "acquisitionTime": "2021-03-06T04:49:02.850Z"
  }
},
{
  "libraryDoc": {
    "doc": {
      "documentType": "Android Apps",
      "title": "Google Home"
    },
    "acquisitionTime": "2021-03-06T04:49:04.591Z"
  }
},
{
  "libraryDoc": {
    "doc": {
      "documentType": "Android Apps",
      "title": "Google Fit: Health and Activity Tracking"
    },
    "acquisitionTime": "2021-03-06T04:49:05.964Z"
  }
},
{
  "libraryDoc": {
    "doc": {
      "documentType": "Android Apps",
      "title": "Google News - Top world \u0026 local news headlines"
    },
    "acquisitionTime": "2021-03-06T04:49:07.426Z"
  }
},
{
  "libraryDoc": {
    "doc": {
      "documentType": "Android Apps",
      "title": "Google Podcasts: Discover free \u0026 trending podcasts"
    },
    "acquisitionTime": "2021-03-06T04:49:08.467Z"
  }
},
{
  "libraryDoc": {
    "doc": {
      "documentType": "Android Apps",
      "title": "Google Docs"
    },
    "acquisitionTime": "2021-03-06T04:49:09.566Z"
  }
},
{
  "libraryDoc": {
    "doc": {
      "documentType": "Android Apps",
      "title": "Google Sheets"
    },
    "acquisitionTime": "2021-03-06T04:49:10.773Z"
  }
},
{
  "libraryDoc": {
    "doc": {
      "documentType": "Android Apps",
      "title": "Google Slides"
    },
    "acquisitionTime": "2021-03-06T04:49:12.060Z"
  }
},
{
  "libraryDoc": {
    "doc": {
      "documentType": "Android Apps",
      "title": "Moto Camera 3"
    },
    "acquisitionTime": "2021-03-06T04:49:13.215Z"
  }
},
{
  "libraryDoc": {
    "doc": {
      "documentType": "Android Apps",
      "title": "Moto Camera Content"
    },
    "acquisitionTime": "2021-03-06T04:49:14.272Z"
  }
},
{
  "libraryDoc": {
    "doc": {
      "documentType": "Android Apps",
      "title": "Moto Camera Tuner 2"
    },
    "acquisitionTime": "2021-03-06T04:49:15.294Z"
  }
},
{
  "libraryDoc": {
    "doc": {
      "documentType": "Android Apps",
      "title": "Moto"
    },
    "acquisitionTime": "2021-03-06T04:49:16.285Z"
  }
},
{
  "libraryDoc": {
    "doc": {
      "documentType": "Android Apps",
      "title": "Motorola Notifications"
    },
    "acquisitionTime": "2021-03-06T04:49:17.233Z"
  }
},
{
  "libraryDoc": {
    "doc": {
      "documentType": "Android Apps",
      "title": "Hangouts"
    },
    "acquisitionTime": "2021-03-06T06:54:35.980Z"
  }
},
{
  "libraryDoc": {
    "doc": {
      "documentType": "Android Apps",
      "title": "TikTok"
    },
    "acquisitionTime": "2021-03-07T05:21:16.853Z"
  }
},
{
  "libraryDoc": {
    "doc": {
      "documentType": "Android Apps",
      "title": "Google Pay (old app)"
    },
    "acquisitionTime": "2021-03-07T06:58:55.312Z"
  }
},
{
  "libraryDoc": {
    "doc": {
      "documentType": "Android Apps",
      "title": "Moto Gametime"
    },
    "acquisitionTime": "2021-03-07T07:54:55.145Z"
  }
},
{
  "libraryDoc": {
    "doc": {
      "documentType": "Android Apps",
      "title": "Calculator"
    },
    "acquisitionTime": "2021-03-07T07:56:16.879Z"
  }
},
{
  "libraryDoc": {
    "doc": {
      "documentType": "Android Apps",
      "title": "myMetro"
    },
    "acquisitionTime": "2021-03-08T07:14:00.946Z"
  }
},
{
  "libraryDoc": {
    "doc": {
      "documentType": "Android Apps",
      "title": "FM Radio"
    },
    "acquisitionTime": "2021-03-08T09:02:58.941Z"
  }
},
{
  "libraryDoc": {
    "doc": {
      "documentType": "Android Apps",
      "title": "Malwarebytes Security: Virus Cleaner, Anti-Malware"
    },
    "acquisitionTime": "2021-03-08T09:18:56.933Z"
  }
},
{
  "libraryDoc": {
    "doc": {
      "documentType": "Android Apps",
      "title": "Device Health Services"
    },
    "acquisitionTime": "2021-03-08T11:27:21.803Z"
  }
},
{
  "libraryDoc": {
    "doc": {
      "documentType": "Android Apps",
      "title": "Digital Wellbeing"
    },
    "acquisitionTime": "2021-03-08T11:27:50.882Z"
  }
},
{
  "libraryDoc": {
    "doc": {
      "documentType": "Android Apps",
      "title": "MetroZone"
    },
    "acquisitionTime": "2021-03-08T11:27:58.831Z"
  }
},
{
  "libraryDoc": {
    "doc": {
      "documentType": "Android Apps",
      "title": "YouTube Music - Stream Songs \u0026 Music Videos"
    },
    "acquisitionTime": "2021-03-08T11:28:10.492Z"
  }
},
{
  "libraryDoc": {
    "doc": {
      "documentType": "Android Apps",
      "title": "Moto Widget"
    },
    "acquisitionTime": "2021-03-08T11:28:30.354Z"
  }
},
{
  "libraryDoc": {
    "doc": {
      "documentType": "Android Apps",
      "title": "Device Personalization Services"
    },
    "acquisitionTime": "2021-03-08T11:28:41.908Z"
  }
},
{
  "libraryDoc": {
    "doc": {
      "documentType": "Android Apps",
      "title": "Google Text-to-Speech"
    },
    "acquisitionTime": "2021-03-08T11:28:50.386Z"
  }
},
{
  "libraryDoc": {
    "doc": {
      "documentType": "Android Apps",
      "title": "MetroPlay"
    },
    "acquisitionTime": "2021-03-08T11:29:03.256Z"
  }
},
{
  "libraryDoc": {
    "doc": {
      "documentType": "Android Apps",
      "title": "Clock"
    },
    "acquisitionTime": "2021-03-08T11:29:17.878Z"
  }
},
{
  "libraryDoc": {
    "doc": {
      "documentType": "Android Apps",
      "title": "Device Help (previously Moto Help)"
    },
    "acquisitionTime": "2021-03-08T11:29:24.330Z"
  }
},
{
  "libraryDoc": {
    "doc": {
      "documentType": "Android Apps",
      "title": "Files by Google: Clean up space on your phone"
    },
    "acquisitionTime": "2021-03-08T11:29:41.986Z"
  }
},
{
  "libraryDoc": {
    "doc": {
      "documentType": "Android Apps",
      "title": "Google Photos"
    },
    "acquisitionTime": "2021-03-08T11:29:57.208Z"
  }
},
{
  "libraryDoc": {
    "doc": {
      "documentType": "Android Apps",
      "title": "Google Drive"
    },
    "acquisitionTime": "2021-03-08T11:30:27.566Z"
  }
},
{
  "libraryDoc": {
    "doc": {
      "documentType": "Android Apps",
      "title": "Google Maps - Navigate \u0026 Explore"
    },
    "acquisitionTime": "2021-03-08T11:31:11.404Z"
  }
},
{
  "libraryDoc": {
    "doc": {
      "documentType": "Android Apps",
      "title": "Google Duo - High Quality Video Calls"
    },
    "acquisitionTime": "2021-03-08T11:31:55.038Z"
  }
},
{
  "libraryDoc": {
    "doc": {
      "documentType": "Android Apps",
      "title": "Carrier Services"
    },
    "acquisitionTime": "2021-03-08T11:32:14.156Z"
  }
},
{
  "libraryDoc": {
    "doc": {
      "documentType": "Android Apps",
      "title": "Google TV (previously Play Movies \u0026 TV)"
    },
    "acquisitionTime": "2021-03-08T11:32:20.526Z"
  }
},
{
  "libraryDoc": {
    "doc": {
      "documentType": "Android Apps",
      "title": "Google"
    },
    "acquisitionTime": "2021-03-08T11:32:37Z"
  }
},
{
  "libraryDoc": {
    "doc": {
      "documentType": "Android Apps",
      "title": "Android Auto - Google Maps, Media \u0026 Messaging"
    },
    "acquisitionTime": "2021-03-08T11:33:51.683Z"
  }
},
{
  "libraryDoc": {
    "doc": {
      "documentType": "Android Apps",
      "title": "Moto Actions"
    },
    "acquisitionTime": "2021-03-08T11:34:12.449Z"
  }
},
{
  "libraryDoc": {
    "doc": {
      "documentType": "Android Apps",
      "title": "Wallpapers"
    },
    "acquisitionTime": "2021-03-08T11:34:20.766Z"
  }
},
{
  "libraryDoc": {
    "doc": {
      "documentType": "Android Apps",
      "title": "Gmail"
    },
    "acquisitionTime": "2021-03-08T11:34:29.667Z"
  }
},
{
  "libraryDoc": {
    "doc": {
      "documentType": "Android Apps",
      "title": "Gboard - the Google Keyboard"
    },
    "acquisitionTime": "2021-03-08T11:35:02.593Z"
  }
},
{
  "libraryDoc": {
    "doc": {
      "documentType": "Android Apps",
      "title": "Google Calendar"
    },
    "acquisitionTime": "2021-03-08T11:35:37.663Z"
  }
}]