[{
  "purchaseHistory": {
    "invoicePrice": "$0.00",
    "paymentMethodTitle": "",
    "userLanguageCode": "en_US",
    "userCountry": "US",
    "doc": {
      "documentType": "Android Apps",
      "title": "Google Pay (old app)"
    },
    "purchaseTime": "2021-03-07T06:58:55.312Z"
  }
},
{
  "purchaseHistory": {
    "invoicePrice": "$0.00",
    "paymentMethodTitle": "",
    "userLanguageCode": "en_US",
    "userCountry": "US",
    "doc": {
      "documentType": "Android Apps",
      "title": "Motorola Notifications"
    },
    "purchaseTime": "2021-03-06T04:49:17.233Z"
  }
},
{
  "purchaseHistory": {
    "invoicePrice": "$0.00",
    "paymentMethodTitle": "",
    "userLanguageCode": "en_US",
    "userCountry": "US",
    "doc": {
      "documentType": "Android Apps",
      "title": "Moto"
    },
    "purchaseTime": "2021-03-06T04:49:16.285Z"
  }
},
{
  "purchaseHistory": {
    "invoicePrice": "$0.00",
    "paymentMethodTitle": "",
    "userLanguageCode": "en_US",
    "userCountry": "US",
    "doc": {
      "documentType": "Android Apps",
      "title": "Moto Camera Tuner 2"
    },
    "purchaseTime": "2021-03-06T04:49:15.294Z"
  }
},
{
  "purchaseHistory": {
    "invoicePrice": "$0.00",
    "paymentMethodTitle": "",
    "userLanguageCode": "en_US",
    "userCountry": "US",
    "doc": {
      "documentType": "Android Apps",
      "title": "Moto Camera Content"
    },
    "purchaseTime": "2021-03-06T04:49:14.272Z"
  }
},
{
  "purchaseHistory": {
    "invoicePrice": "$0.00",
    "paymentMethodTitle": "",
    "userLanguageCode": "en_US",
    "userCountry": "US",
    "doc": {
      "documentType": "Android Apps",
      "title": "Moto Camera 3"
    },
    "purchaseTime": "2021-03-06T04:49:13.215Z"
  }
},
{
  "purchaseHistory": {
    "invoicePrice": "$0.00",
    "paymentMethodTitle": "",
    "userLanguageCode": "en_US",
    "userCountry": "US",
    "doc": {
      "documentType": "Android Apps",
      "title": "Google Slides"
    },
    "purchaseTime": "2021-03-06T04:49:12.060Z"
  }
},
{
  "purchaseHistory": {
    "invoicePrice": "$0.00",
    "paymentMethodTitle": "",
    "userLanguageCode": "en_US",
    "userCountry": "US",
    "doc": {
      "documentType": "Android Apps",
      "title": "Google Sheets"
    },
    "purchaseTime": "2021-03-06T04:49:10.773Z"
  }
},
{
  "purchaseHistory": {
    "invoicePrice": "$0.00",
    "paymentMethodTitle": "",
    "userLanguageCode": "en_US",
    "userCountry": "US",
    "doc": {
      "documentType": "Android Apps",
      "title": "Google Docs"
    },
    "purchaseTime": "2021-03-06T04:49:09.566Z"
  }
},
{
  "purchaseHistory": {
    "invoicePrice": "$0.00",
    "paymentMethodTitle": "",
    "userLanguageCode": "en_US",
    "userCountry": "US",
    "doc": {
      "documentType": "Android Apps",
      "title": "Google Podcasts: Discover free \u0026 trending podcasts"
    },
    "purchaseTime": "2021-03-06T04:49:08.467Z"
  }
},
{
  "purchaseHistory": {
    "invoicePrice": "$0.00",
    "paymentMethodTitle": "",
    "userLanguageCode": "en_US",
    "userCountry": "US",
    "doc": {
      "documentType": "Android Apps",
      "title": "Google News - Top world \u0026 local news headlines"
    },
    "purchaseTime": "2021-03-06T04:49:07.426Z"
  }
},
{
  "purchaseHistory": {
    "invoicePrice": "$0.00",
    "paymentMethodTitle": "",
    "userLanguageCode": "en_US",
    "userCountry": "US",
    "doc": {
      "documentType": "Android Apps",
      "title": "Google Fit: Health and Activity Tracking"
    },
    "purchaseTime": "2021-03-06T04:49:05.964Z"
  }
},
{
  "purchaseHistory": {
    "invoicePrice": "$0.00",
    "paymentMethodTitle": "",
    "userLanguageCode": "en_US",
    "userCountry": "US",
    "doc": {
      "documentType": "Android Apps",
      "title": "Google Home"
    },
    "purchaseTime": "2021-03-06T04:49:04.591Z"
  }
},
{
  "purchaseHistory": {
    "invoicePrice": "$0.00",
    "paymentMethodTitle": "",
    "userLanguageCode": "en_US",
    "userCountry": "US",
    "doc": {
      "documentType": "Android Apps",
      "title": "Google One"
    },
    "purchaseTime": "2021-03-06T04:49:02.850Z"
  }
}]